USE kodland;

-- Inserimento Quiz
INSERT INTO Quiz (ID, titolo, argomento) VALUES (1, 'Fondamenti di AI', 'Intelligenza Artificiale');
INSERT INTO Quiz (ID, titolo, argomento) VALUES (2, 'Visione Computerizzata', 'Computer Vision');
INSERT INTO Quiz (ID, titolo, argomento) VALUES (3, 'NLP e Chatbot', 'Elaborazione del Linguaggio Naturale');
INSERT INTO Domanda (ID, testo) VALUES (1, 'Cos\'è l\'intelligenza artificiale?');
INSERT INTO Composizione_Quiz (quiz, domanda) VALUES (1, 1);
INSERT INTO Risposta (ID, testo, giusta) VALUES (1, 'Un programma che imita l\'intelligenza umana', TRUE);
INSERT INTO Composizione_Domanda (domanda, risposta) VALUES (1, 1);
INSERT INTO Risposta (ID, testo, giusta) VALUES (2, 'Un robot', FALSE);
INSERT INTO Composizione_Domanda (domanda, risposta) VALUES (1, 2);
INSERT INTO Risposta (ID, testo, giusta) VALUES (3, 'Un motore di ricerca', FALSE);
INSERT INTO Composizione_Domanda (domanda, risposta) VALUES (1, 3);
INSERT INTO Risposta (ID, testo, giusta) VALUES (4, 'Un computer', FALSE);
INSERT INTO Composizione_Domanda (domanda, risposta) VALUES (1, 4);
INSERT INTO Domanda (ID, testo) VALUES (2, 'Quale linguaggio è più usato per AI?');
INSERT INTO Composizione_Quiz (quiz, domanda) VALUES (1, 2);
INSERT INTO Risposta (ID, testo, giusta) VALUES (5, 'Python', TRUE);
INSERT INTO Composizione_Domanda (domanda, risposta) VALUES (2, 5);
INSERT INTO Risposta (ID, testo, giusta) VALUES (6, 'C++', FALSE);
INSERT INTO Composizione_Domanda (domanda, risposta) VALUES (2, 6);
INSERT INTO Risposta (ID, testo, giusta) VALUES (7, 'HTML', FALSE);
INSERT INTO Composizione_Domanda (domanda, risposta) VALUES (2, 7);
INSERT INTO Risposta (ID, testo, giusta) VALUES (8, 'JavaScript', FALSE);
INSERT INTO Composizione_Domanda (domanda, risposta) VALUES (2, 8);
INSERT INTO Domanda (ID, testo) VALUES (3, 'Cosa fa il machine learning?');
INSERT INTO Composizione_Quiz (quiz, domanda) VALUES (1, 3);
INSERT INTO Risposta (ID, testo, giusta) VALUES (9, 'Fa apprendere un modello dai dati', TRUE);
INSERT INTO Composizione_Domanda (domanda, risposta) VALUES (3, 9);
INSERT INTO Risposta (ID, testo, giusta) VALUES (10, 'Scrive codice da solo', FALSE);
INSERT INTO Composizione_Domanda (domanda, risposta) VALUES (3, 10);
INSERT INTO Risposta (ID, testo, giusta) VALUES (11, 'Gioca a scacchi', FALSE);
INSERT INTO Composizione_Domanda (domanda, risposta) VALUES (3, 11);
INSERT INTO Risposta (ID, testo, giusta) VALUES (12, 'Disegna immagini', FALSE);
INSERT INTO Composizione_Domanda (domanda, risposta) VALUES (3, 12);
INSERT INTO Domanda (ID, testo) VALUES (4, 'Quale azienda ha sviluppato GPT-4?');
INSERT INTO Composizione_Quiz (quiz, domanda) VALUES (1, 4);
INSERT INTO Risposta (ID, testo, giusta) VALUES (13, 'OpenAI', TRUE);
INSERT INTO Composizione_Domanda (domanda, risposta) VALUES (4, 13);
INSERT INTO Risposta (ID, testo, giusta) VALUES (14, 'Google', FALSE);
INSERT INTO Composizione_Domanda (domanda, risposta) VALUES (4, 14);
INSERT INTO Risposta (ID, testo, giusta) VALUES (15, 'Microsoft', FALSE);
INSERT INTO Composizione_Domanda (domanda, risposta) VALUES (4, 15);
INSERT INTO Risposta (ID, testo, giusta) VALUES (16, 'Facebook', FALSE);
INSERT INTO Composizione_Domanda (domanda, risposta) VALUES (4, 16);
INSERT INTO Domanda (ID, testo) VALUES (5, 'Cos\'è il deep learning?');
INSERT INTO Composizione_Quiz (quiz, domanda) VALUES (1, 5);
INSERT INTO Risposta (ID, testo, giusta) VALUES (17, 'Una rete neurale profonda', TRUE);
INSERT INTO Composizione_Domanda (domanda, risposta) VALUES (5, 17);
INSERT INTO Risposta (ID, testo, giusta) VALUES (18, 'Una tabella di dati', FALSE);
INSERT INTO Composizione_Domanda (domanda, risposta) VALUES (5, 18);
INSERT INTO Risposta (ID, testo, giusta) VALUES (19, 'Un sito web', FALSE);
INSERT INTO Composizione_Domanda (domanda, risposta) VALUES (5, 19);
INSERT INTO Risposta (ID, testo, giusta) VALUES (20, 'Un\'app mobile', FALSE);
INSERT INTO Composizione_Domanda (domanda, risposta) VALUES (5, 20);
INSERT INTO Domanda (ID, testo) VALUES (6, 'Quale AI può riconoscere immagini?');
INSERT INTO Composizione_Quiz (quiz, domanda) VALUES (1, 6);
INSERT INTO Risposta (ID, testo, giusta) VALUES (21, 'YOLO', TRUE);
INSERT INTO Composizione_Domanda (domanda, risposta) VALUES (6, 21);
INSERT INTO Risposta (ID, testo, giusta) VALUES (22, 'Excel', FALSE);
INSERT INTO Composizione_Domanda (domanda, risposta) VALUES (6, 22);
INSERT INTO Risposta (ID, testo, giusta) VALUES (23, 'YouTube', FALSE);
INSERT INTO Composizione_Domanda (domanda, risposta) VALUES (6, 23);
INSERT INTO Risposta (ID, testo, giusta) VALUES (24, 'Spotify', FALSE);
INSERT INTO Composizione_Domanda (domanda, risposta) VALUES (6, 24);
INSERT INTO Domanda (ID, testo) VALUES (7, 'Come si chiama un modello AI che gioca a scacchi?');
INSERT INTO Composizione_Quiz (quiz, domanda) VALUES (1, 7);
INSERT INTO Risposta (ID, testo, giusta) VALUES (25, 'AlphaZero', TRUE);
INSERT INTO Composizione_Domanda (domanda, risposta) VALUES (7, 25);
INSERT INTO Risposta (ID, testo, giusta) VALUES (26, 'Facebook AI', FALSE);
INSERT INTO Composizione_Domanda (domanda, risposta) VALUES (7, 26);
INSERT INTO Risposta (ID, testo, giusta) VALUES (27, 'Instagram AI', FALSE);
INSERT INTO Composizione_Domanda (domanda, risposta) VALUES (7, 27);
INSERT INTO Risposta (ID, testo, giusta) VALUES (28, 'TikTok AI', FALSE);
INSERT INTO Composizione_Domanda (domanda, risposta) VALUES (7, 28);
INSERT INTO Domanda (ID, testo) VALUES (8, 'Cos\'è un dataset?');
INSERT INTO Composizione_Quiz (quiz, domanda) VALUES (1, 8);
INSERT INTO Risposta (ID, testo, giusta) VALUES (29, 'Una raccolta di dati', TRUE);
INSERT INTO Composizione_Domanda (domanda, risposta) VALUES (8, 29);
INSERT INTO Risposta (ID, testo, giusta) VALUES (30, 'Un\'AI avanzata', FALSE);
INSERT INTO Composizione_Domanda (domanda, risposta) VALUES (8, 30);
INSERT INTO Risposta (ID, testo, giusta) VALUES (31, 'Un\'app per chat', FALSE);
INSERT INTO Composizione_Domanda (domanda, risposta) VALUES (8, 31);
INSERT INTO Risposta (ID, testo, giusta) VALUES (32, 'Un database SQL', FALSE);
INSERT INTO Composizione_Domanda (domanda, risposta) VALUES (8, 32);
INSERT INTO Domanda (ID, testo) VALUES (9, 'Cos\'è un algoritmo AI?');
INSERT INTO Composizione_Quiz (quiz, domanda) VALUES (1, 9);
INSERT INTO Risposta (ID, testo, giusta) VALUES (33, 'Un insieme di istruzioni per apprendere', TRUE);
INSERT INTO Composizione_Domanda (domanda, risposta) VALUES (9, 33);
INSERT INTO Risposta (ID, testo, giusta) VALUES (34, 'Un computer', FALSE);
INSERT INTO Composizione_Domanda (domanda, risposta) VALUES (9, 34);
INSERT INTO Risposta (ID, testo, giusta) VALUES (35, 'Un motore di ricerca', FALSE);
INSERT INTO Composizione_Domanda (domanda, risposta) VALUES (9, 35);
INSERT INTO Risposta (ID, testo, giusta) VALUES (36, 'Un\'app di disegno', FALSE);
INSERT INTO Composizione_Domanda (domanda, risposta) VALUES (9, 36);
INSERT INTO Domanda (ID, testo) VALUES (10, 'Cosa significa AI?');
INSERT INTO Composizione_Quiz (quiz, domanda) VALUES (1, 10);
INSERT INTO Risposta (ID, testo, giusta) VALUES (37, 'Intelligenza Artificiale', TRUE);
INSERT INTO Composizione_Domanda (domanda, risposta) VALUES (10, 37);
INSERT INTO Risposta (ID, testo, giusta) VALUES (38, 'Informazioni Avanzate', FALSE);
INSERT INTO Composizione_Domanda (domanda, risposta) VALUES (10, 38);
INSERT INTO Risposta (ID, testo, giusta) VALUES (39, 'Internet Access', FALSE);
INSERT INTO Composizione_Domanda (domanda, risposta) VALUES (10, 39);
INSERT INTO Risposta (ID, testo, giusta) VALUES (40, 'Ingegneria Automatica', FALSE);
INSERT INTO Composizione_Domanda (domanda, risposta) VALUES (10, 40);
INSERT INTO Domanda (ID, testo) VALUES (11, 'Cos\'è la visione computerizzata?');
INSERT INTO Composizione_Quiz (quiz, domanda) VALUES (2, 11);
INSERT INTO Risposta (ID, testo, giusta) VALUES (41, 'AI che analizza immagini', TRUE);
INSERT INTO Composizione_Domanda (domanda, risposta) VALUES (11, 41);
INSERT INTO Risposta (ID, testo, giusta) VALUES (42, 'AI che scrive codice', FALSE);
INSERT INTO Composizione_Domanda (domanda, risposta) VALUES (11, 42);
INSERT INTO Risposta (ID, testo, giusta) VALUES (43, 'Un social media', FALSE);
INSERT INTO Composizione_Domanda (domanda, risposta) VALUES (11, 43);
INSERT INTO Risposta (ID, testo, giusta) VALUES (44, 'Un robot', FALSE);
INSERT INTO Composizione_Domanda (domanda, risposta) VALUES (11, 44);
INSERT INTO Domanda (ID, testo) VALUES (12, 'Quale libreria è usata per CV?');
INSERT INTO Composizione_Quiz (quiz, domanda) VALUES (2, 12);
INSERT INTO Risposta (ID, testo, giusta) VALUES (45, 'OpenCV', TRUE);
INSERT INTO Composizione_Domanda (domanda, risposta) VALUES (12, 45);
INSERT INTO Risposta (ID, testo, giusta) VALUES (46, 'Pandas', FALSE);
INSERT INTO Composizione_Domanda (domanda, risposta) VALUES (12, 46);
INSERT INTO Risposta (ID, testo, giusta) VALUES (47, 'Flask', FALSE);
INSERT INTO Composizione_Domanda (domanda, risposta) VALUES (12, 47);
INSERT INTO Risposta (ID, testo, giusta) VALUES (48, 'NumPy', FALSE);
INSERT INTO Composizione_Domanda (domanda, risposta) VALUES (12, 48);
INSERT INTO Domanda (ID, testo) VALUES (13, 'Cosa fa YOLO?');
INSERT INTO Composizione_Quiz (quiz, domanda) VALUES (2, 13);
INSERT INTO Risposta (ID, testo, giusta) VALUES (49, 'Riconosce oggetti', TRUE);
INSERT INTO Composizione_Domanda (domanda, risposta) VALUES (13, 49);
INSERT INTO Risposta (ID, testo, giusta) VALUES (50, 'Riproduce musica', FALSE);
INSERT INTO Composizione_Domanda (domanda, risposta) VALUES (13, 50);
INSERT INTO Risposta (ID, testo, giusta) VALUES (51, 'Scrive testi', FALSE);
INSERT INTO Composizione_Domanda (domanda, risposta) VALUES (13, 51);
INSERT INTO Risposta (ID, testo, giusta) VALUES (52, 'Traduci lingue', FALSE);
INSERT INTO Composizione_Domanda (domanda, risposta) VALUES (13, 52);
INSERT INTO Domanda (ID, testo) VALUES (14, 'Come un computer riconosce un volto?');
INSERT INTO Composizione_Quiz (quiz, domanda) VALUES (2, 14);
INSERT INTO Risposta (ID, testo, giusta) VALUES (53, 'Analizza le caratteristiche', TRUE);
INSERT INTO Composizione_Domanda (domanda, risposta) VALUES (14, 53);
INSERT INTO Risposta (ID, testo, giusta) VALUES (54, 'Guarda come un umano', FALSE);
INSERT INTO Composizione_Domanda (domanda, risposta) VALUES (14, 54);
INSERT INTO Risposta (ID, testo, giusta) VALUES (55, 'Legge libri', FALSE);
INSERT INTO Composizione_Domanda (domanda, risposta) VALUES (14, 55);
INSERT INTO Risposta (ID, testo, giusta) VALUES (56, 'Ascolta musica', FALSE);
INSERT INTO Composizione_Domanda (domanda, risposta) VALUES (14, 56);
INSERT INTO Domanda (ID, testo) VALUES (15, 'Qual è il primo passo nel preprocessing di un\'immagine?');
INSERT INTO Composizione_Quiz (quiz, domanda) VALUES (2, 15);
INSERT INTO Risposta (ID, testo, giusta) VALUES (57, 'Conversione in scala di grigi', TRUE);
INSERT INTO Composizione_Domanda (domanda, risposta) VALUES (15, 57);
INSERT INTO Risposta (ID, testo, giusta) VALUES (58, 'Scrittura del codice', FALSE);
INSERT INTO Composizione_Domanda (domanda, risposta) VALUES (15, 58);
INSERT INTO Risposta (ID, testo, giusta) VALUES (59, 'Creazione di un file PDF', FALSE);
INSERT INTO Composizione_Domanda (domanda, risposta) VALUES (15, 59);
INSERT INTO Risposta (ID, testo, giusta) VALUES (60, 'Aggiunta di un filtro Instagram', FALSE);
INSERT INTO Composizione_Domanda (domanda, risposta) VALUES (15, 60);
INSERT INTO Domanda (ID, testo) VALUES (16, 'Cosa fa la segmentazione di immagini?');
INSERT INTO Composizione_Quiz (quiz, domanda) VALUES (2, 16);
INSERT INTO Risposta (ID, testo, giusta) VALUES (61, 'Divide un\'immagine in parti', TRUE);
INSERT INTO Composizione_Domanda (domanda, risposta) VALUES (16, 61);
INSERT INTO Risposta (ID, testo, giusta) VALUES (62, 'Aggiunge colori', FALSE);
INSERT INTO Composizione_Domanda (domanda, risposta) VALUES (16, 62);
INSERT INTO Risposta (ID, testo, giusta) VALUES (63, 'Migliora la qualità', FALSE);
INSERT INTO Composizione_Domanda (domanda, risposta) VALUES (16, 63);
INSERT INTO Risposta (ID, testo, giusta) VALUES (64, 'Genera suoni', FALSE);
INSERT INTO Composizione_Domanda (domanda, risposta) VALUES (16, 64);
INSERT INTO Domanda (ID, testo) VALUES (17, 'Qual è un\'applicazione della CV?');
INSERT INTO Composizione_Quiz (quiz, domanda) VALUES (2, 17);
INSERT INTO Risposta (ID, testo, giusta) VALUES (65, 'Guida autonoma', TRUE);
INSERT INTO Composizione_Domanda (domanda, risposta) VALUES (17, 65);
INSERT INTO Risposta (ID, testo, giusta) VALUES (66, 'Riproduzione musicale', FALSE);
INSERT INTO Composizione_Domanda (domanda, risposta) VALUES (17, 66);
INSERT INTO Risposta (ID, testo, giusta) VALUES (67, 'Invio email', FALSE);
INSERT INTO Composizione_Domanda (domanda, risposta) VALUES (17, 67);
INSERT INTO Risposta (ID, testo, giusta) VALUES (68, 'Gioco di scacchi', FALSE);
INSERT INTO Composizione_Domanda (domanda, risposta) VALUES (17, 68);
INSERT INTO Domanda (ID, testo) VALUES (18, 'Cosa significa \'edge detection\'?');
INSERT INTO Composizione_Quiz (quiz, domanda) VALUES (2, 18);
INSERT INTO Risposta (ID, testo, giusta) VALUES (69, 'Trova i contorni in un\'immagine', TRUE);
INSERT INTO Composizione_Domanda (domanda, risposta) VALUES (18, 69);
INSERT INTO Risposta (ID, testo, giusta) VALUES (70, 'Aggiunge ombre', FALSE);
INSERT INTO Composizione_Domanda (domanda, risposta) VALUES (18, 70);
INSERT INTO Risposta (ID, testo, giusta) VALUES (71, 'Sostituisce i colori', FALSE);
INSERT INTO Composizione_Domanda (domanda, risposta) VALUES (18, 71);
INSERT INTO Risposta (ID, testo, giusta) VALUES (72, 'Migliora la nitidezza', FALSE);
INSERT INTO Composizione_Domanda (domanda, risposta) VALUES (18, 72);
INSERT INTO Domanda (ID, testo) VALUES (19, 'Cosa permette il riconoscimento ottico dei caratteri (OCR)?');
INSERT INTO Composizione_Quiz (quiz, domanda) VALUES (2, 19);
INSERT INTO Risposta (ID, testo, giusta) VALUES (73, 'Leggere testo in immagini', TRUE);
INSERT INTO Composizione_Domanda (domanda, risposta) VALUES (19, 73);
INSERT INTO Risposta (ID, testo, giusta) VALUES (74, 'Scrivere codice', FALSE);
INSERT INTO Composizione_Domanda (domanda, risposta) VALUES (19, 74);
INSERT INTO Risposta (ID, testo, giusta) VALUES (75, 'Giocare ai videogiochi', FALSE);
INSERT INTO Composizione_Domanda (domanda, risposta) VALUES (19, 75);
INSERT INTO Risposta (ID, testo, giusta) VALUES (76, 'Creare meme', FALSE);
INSERT INTO Composizione_Domanda (domanda, risposta) VALUES (19, 76);
INSERT INTO Domanda (ID, testo) VALUES (20, 'Quale AI può generare immagini da testo?');
INSERT INTO Composizione_Quiz (quiz, domanda) VALUES (2, 20);
INSERT INTO Risposta (ID, testo, giusta) VALUES (77, 'DALL·E', TRUE);
INSERT INTO Composizione_Domanda (domanda, risposta) VALUES (20, 77);
INSERT INTO Risposta (ID, testo, giusta) VALUES (78, 'Gmail', FALSE);
INSERT INTO Composizione_Domanda (domanda, risposta) VALUES (20, 78);
INSERT INTO Risposta (ID, testo, giusta) VALUES (79, 'Netflix', FALSE);
INSERT INTO Composizione_Domanda (domanda, risposta) VALUES (20, 79);
INSERT INTO Risposta (ID, testo, giusta) VALUES (80, 'Spotify', FALSE);
INSERT INTO Composizione_Domanda (domanda, risposta) VALUES (20, 80);
INSERT INTO Domanda (ID, testo) VALUES (21, 'Cos\'è l\'NLP?');
INSERT INTO Composizione_Quiz (quiz, domanda) VALUES (3, 21);
INSERT INTO Risposta (ID, testo, giusta) VALUES (81, 'AI che capisce il linguaggio', TRUE);
INSERT INTO Composizione_Domanda (domanda, risposta) VALUES (21, 81);
INSERT INTO Risposta (ID, testo, giusta) VALUES (82, 'Un social media', FALSE);
INSERT INTO Composizione_Domanda (domanda, risposta) VALUES (21, 82);
INSERT INTO Risposta (ID, testo, giusta) VALUES (83, 'Un sito web', FALSE);
INSERT INTO Composizione_Domanda (domanda, risposta) VALUES (21, 83);
INSERT INTO Risposta (ID, testo, giusta) VALUES (84, 'Un\'app di giochi', FALSE);
INSERT INTO Composizione_Domanda (domanda, risposta) VALUES (21, 84);
INSERT INTO Domanda (ID, testo) VALUES (22, 'Cosa fa un chatbot AI?');
INSERT INTO Composizione_Quiz (quiz, domanda) VALUES (3, 22);
INSERT INTO Risposta (ID, testo, giusta) VALUES (85, 'Risponde a domande', TRUE);
INSERT INTO Composizione_Domanda (domanda, risposta) VALUES (22, 85);
INSERT INTO Risposta (ID, testo, giusta) VALUES (86, 'Disegna immagini', FALSE);
INSERT INTO Composizione_Domanda (domanda, risposta) VALUES (22, 86);
INSERT INTO Risposta (ID, testo, giusta) VALUES (87, 'Suona musica', FALSE);
INSERT INTO Composizione_Domanda (domanda, risposta) VALUES (22, 87);
INSERT INTO Risposta (ID, testo, giusta) VALUES (88, 'Invia email', FALSE);
INSERT INTO Composizione_Domanda (domanda, risposta) VALUES (22, 88);
INSERT INTO Domanda (ID, testo) VALUES (23, 'Quale AI può tradurre lingue?');
INSERT INTO Composizione_Quiz (quiz, domanda) VALUES (3, 23);
INSERT INTO Risposta (ID, testo, giusta) VALUES (89, 'Google Translate', TRUE);
INSERT INTO Composizione_Domanda (domanda, risposta) VALUES (23, 89);
INSERT INTO Risposta (ID, testo, giusta) VALUES (90, 'Netflix', FALSE);
INSERT INTO Composizione_Domanda (domanda, risposta) VALUES (23, 90);
INSERT INTO Risposta (ID, testo, giusta) VALUES (91, 'TikTok', FALSE);
INSERT INTO Composizione_Domanda (domanda, risposta) VALUES (23, 91);
INSERT INTO Risposta (ID, testo, giusta) VALUES (92, 'WhatsApp', FALSE);
INSERT INTO Composizione_Domanda (domanda, risposta) VALUES (23, 92);
INSERT INTO Domanda (ID, testo) VALUES (24, 'Cosa significa \'tokenizzare un testo\'?');
INSERT INTO Composizione_Quiz (quiz, domanda) VALUES (3, 24);
INSERT INTO Risposta (ID, testo, giusta) VALUES (93, 'Dividere in parole o frasi', TRUE);
INSERT INTO Composizione_Domanda (domanda, risposta) VALUES (24, 93);
INSERT INTO Risposta (ID, testo, giusta) VALUES (94, 'Cifrare dati', FALSE);
INSERT INTO Composizione_Domanda (domanda, risposta) VALUES (24, 94);
INSERT INTO Risposta (ID, testo, giusta) VALUES (95, 'Creare musica', FALSE);
INSERT INTO Composizione_Domanda (domanda, risposta) VALUES (24, 95);
INSERT INTO Risposta (ID, testo, giusta) VALUES (96, 'Giocare a carte', FALSE);
INSERT INTO Composizione_Domanda (domanda, risposta) VALUES (24, 96);
INSERT INTO Domanda (ID, testo) VALUES (25, 'Quale modello AI genera testo?');
INSERT INTO Composizione_Quiz (quiz, domanda) VALUES (3, 25);
INSERT INTO Risposta (ID, testo, giusta) VALUES (97, 'GPT', TRUE);
INSERT INTO Composizione_Domanda (domanda, risposta) VALUES (25, 97);
INSERT INTO Risposta (ID, testo, giusta) VALUES (98, 'Photoshop', FALSE);
INSERT INTO Composizione_Domanda (domanda, risposta) VALUES (25, 98);
INSERT INTO Risposta (ID, testo, giusta) VALUES (99, 'Spotify', FALSE);
INSERT INTO Composizione_Domanda (domanda, risposta) VALUES (25, 99);
INSERT INTO Risposta (ID, testo, giusta) VALUES (100, 'Excel', FALSE);
INSERT INTO Composizione_Domanda (domanda, risposta) VALUES (25, 100);
INSERT INTO Domanda (ID, testo) VALUES (26, 'Cosa fa l\'analisi del sentiment?');
INSERT INTO Composizione_Quiz (quiz, domanda) VALUES (3, 26);
INSERT INTO Risposta (ID, testo, giusta) VALUES (101, 'Capisce emozioni in un testo', TRUE);
INSERT INTO Composizione_Domanda (domanda, risposta) VALUES (26, 101);
INSERT INTO Risposta (ID, testo, giusta) VALUES (102, 'Aggiunge emoji', FALSE);
INSERT INTO Composizione_Domanda (domanda, risposta) VALUES (26, 102);
INSERT INTO Risposta (ID, testo, giusta) VALUES (103, 'Genera immagini', FALSE);
INSERT INTO Composizione_Domanda (domanda, risposta) VALUES (26, 103);
INSERT INTO Risposta (ID, testo, giusta) VALUES (104, 'Invia email', FALSE);
INSERT INTO Composizione_Domanda (domanda, risposta) VALUES (26, 104);
INSERT INTO Domanda (ID, testo) VALUES (27, 'Cos\'è la lemmatizzazione?');
INSERT INTO Composizione_Quiz (quiz, domanda) VALUES (3, 27);
INSERT INTO Risposta (ID, testo, giusta) VALUES (105, 'Ridurre le parole alla radice', TRUE);
INSERT INTO Composizione_Domanda (domanda, risposta) VALUES (27, 105);
INSERT INTO Risposta (ID, testo, giusta) VALUES (106, 'Tradurre lingue', FALSE);
INSERT INTO Composizione_Domanda (domanda, risposta) VALUES (27, 106);
INSERT INTO Risposta (ID, testo, giusta) VALUES (107, 'Scrivere codice', FALSE);
INSERT INTO Composizione_Domanda (domanda, risposta) VALUES (27, 107);
INSERT INTO Risposta (ID, testo, giusta) VALUES (108, 'Riprodurre video', FALSE);
INSERT INTO Composizione_Domanda (domanda, risposta) VALUES (27, 108);
INSERT INTO Domanda (ID, testo) VALUES (28, 'Quale AI può leggere testi ad alta voce?');
INSERT INTO Composizione_Quiz (quiz, domanda) VALUES (3, 28);
INSERT INTO Risposta (ID, testo, giusta) VALUES (109, 'Text-to-Speech', TRUE);
INSERT INTO Composizione_Domanda (domanda, risposta) VALUES (28, 109);
INSERT INTO Risposta (ID, testo, giusta) VALUES (110, 'Excel', FALSE);
INSERT INTO Composizione_Domanda (domanda, risposta) VALUES (28, 110);
INSERT INTO Risposta (ID, testo, giusta) VALUES (111, 'YouTube', FALSE);
INSERT INTO Composizione_Domanda (domanda, risposta) VALUES (28, 111);
INSERT INTO Risposta (ID, testo, giusta) VALUES (112, 'Facebook', FALSE);
INSERT INTO Composizione_Domanda (domanda, risposta) VALUES (28, 112);
INSERT INTO Domanda (ID, testo) VALUES (29, 'Come si chiama un\'AI che completa frasi?');
INSERT INTO Composizione_Quiz (quiz, domanda) VALUES (3, 29);
INSERT INTO Risposta (ID, testo, giusta) VALUES (113, 'Autocompletamento', TRUE);
INSERT INTO Composizione_Domanda (domanda, risposta) VALUES (29, 113);
INSERT INTO Risposta (ID, testo, giusta) VALUES (114, 'Google Drive', FALSE);
INSERT INTO Composizione_Domanda (domanda, risposta) VALUES (29, 114);
INSERT INTO Risposta (ID, testo, giusta) VALUES (115, 'Spotify', FALSE);
INSERT INTO Composizione_Domanda (domanda, risposta) VALUES (29, 115);
INSERT INTO Risposta (ID, testo, giusta) VALUES (116, 'TikTok', FALSE);
INSERT INTO Composizione_Domanda (domanda, risposta) VALUES (29, 116);
INSERT INTO Domanda (ID, testo) VALUES (30, 'Quale assistente vocale usa AI?');
INSERT INTO Composizione_Quiz (quiz, domanda) VALUES (3, 30);
INSERT INTO Risposta (ID, testo, giusta) VALUES (117, 'Siri', TRUE);
INSERT INTO Composizione_Domanda (domanda, risposta) VALUES (30, 117);
INSERT INTO Risposta (ID, testo, giusta) VALUES (118, 'Twitter', FALSE);
INSERT INTO Composizione_Domanda (domanda, risposta) VALUES (30, 118);
INSERT INTO Risposta (ID, testo, giusta) VALUES (119, 'Instagram', FALSE);
INSERT INTO Composizione_Domanda (domanda, risposta) VALUES (30, 119);
INSERT INTO Risposta (ID, testo, giusta) VALUES (120, 'Netflix', FALSE);
INSERT INTO Composizione_Domanda (domanda, risposta) VALUES (30, 120);
